Name,Objective,Precondition,Folder,Status,Priority,Labels,Coverage,Test Script (Step-by-Step) - Step,Test Script (Step-by-Step) - Test Data,Test Script (Step-by-Step) - Expected Result
"TC-001 Kupon 100,00 TL sınırında uygulanır","DS-001 C-02: tam sınır değerinde indirim

Gereksinimler: REQ-001 | Teknik: boundary-value-analysis | QA-ID: TC-001","- Kullanıcı 'ayse.test@example.com' ile giriş yapmış
- 'YAZ10' kuponu aktif

Test verisi:
sepet: 100,00 TL
kupon: YAZ10",QA Suite Kit/Kupon,Approved,High,"regression,smoke,REQ-001,boundary-value-analysis,positive",KIT-1,"Sepete 100,00 TL tutarında ürün ekle",Ürün A x1,"Sepet toplamı 100,00 TL"
,,,,,,,,Kupon alanına kodu yaz ve 'Uygula'ya tıkla,YAZ10,"'Kupon uygulandı' mesajı; indirim -10,00 TL; toplam 90,00 TL"
"TC-002 Kupon 99,99 TL sepette reddedilir","DS-001 C-26: sınırın hemen altı

Gereksinimler: REQ-001 | Teknik: boundary-value-analysis | QA-ID: TC-002","- Kullanıcı giriş yapmış
- 'YAZ10' kuponu aktif

Test verisi:
sepet: 99,99 TL
kupon: YAZ10",QA Suite Kit/Kupon,Approved,High,"regression,REQ-001,boundary-value-analysis,negative",KIT-1,"Sepete 99,99 TL tutarında ürün ekle",,"Sepet toplamı 99,99 TL"
,,,,,,,,Kupon alanına kodu yaz ve 'Uygula'ya tıkla,YAZ10,"'Asgari sepet tutarı 100 TL' mesajı; toplam 99,99 TL kalır"
TC-003 Süresi dolmuş kupon reddedilir,Gereksinimler: REQ-002 | Teknik: decision-table | QA-ID: TC-003,"- Sepet toplamı 150,00 TL
- 'BAHAR5' kuponu 01.04.2026'da sona ermiş",QA Suite Kit/Kupon,Approved,High,"regression,REQ-002,decision-table,negative",KIT-2,"Kupon alanına 'BAHAR5' yaz, 'Uygula'ya tıkla",,"'Bu kuponun süresi dolmuştur' mesajı; toplam 150,00 TL"
TC-004 Kupon kodu küçük harfle girilince kabul edilir,"Varsayım (Q-001): kod harf duyarsız

Gereksinimler: REQ-003 | Teknik: error-guessing | QA-ID: TC-004","- Sepet toplamı 150,00 TL",QA Suite Kit/Kupon,Draft,Medium,"REQ-003,error-guessing,positive",,"Kupon alanına 'yaz10' yaz, 'Uygula'ya tıkla",,"'Kupon uygulandı'; toplam 135,00 TL"
TC-005 Aynı kupon ikinci kez kullanılamaz,Gereksinimler: REQ-005 | Teknik: state-transition | QA-ID: TC-005,- Kullanıcı 'YAZ10' ile daha önce sipariş tamamlamış,QA Suite Kit/Kupon,Approved,Highest,"regression,REQ-005,state-transition,negative",KIT-3,"150,00 TL'lik sepette 'YAZ10' uygula",,'Bu kuponu daha önce kullandınız' mesajı; indirim uygulanmaz
TC-007 Sahipsiz test örneği,Gereksinimler: - | Teknik: checklist | QA-ID: TC-007,,QA Suite Kit/Kupon,Approved,Low,"checklist,positive",,Ana sayfayı aç,,Sayfa yüklenir
"TC-008 Kupon 100,00 TL sınırında uygulanır - kopya","Gereksinimler: REQ-001, REQ-099 | Teknik: boundary-value-analysis | QA-ID: TC-008","- Kullanıcı 'ayse.test@example.com' ile giriş yapmış
- 'YAZ10' kuponu aktif

Test verisi:
sepet: 100,00 TL
kupon: YAZ10",QA Suite Kit/Kupon,Approved,High,"REQ-001,REQ-099,boundary-value-analysis,positive",KIT-1,"Sepete 100,00 TL tutarında ürün ekle",Ürün A x1,"Sepet toplamı 100,00 TL"
,,,,,,,,Kupon alanına kodu yaz ve 'Uygula'ya tıkla,YAZ10,"'Kupon uygulandı' mesajı; indirim -10,00 TL; toplam 90,00 TL"
